day, hour, minute, T_o, T_zm, T_pm, T_zco, T_pco, F_zco, F_zm, P, I
1, 6, 10, 020.1100, 000.3010, 333.3133, 444.1144, 257.2333, -100.0, 101.2211, +21.1112, +230.51399
1, 6, 20, 020.1100, 000.3010, 333.3133, 444.1144, 257.2333, -100.0, 101.2211, +21.1112, +230.51399
1, 6, 30, 020.1100, 000.3010, 333.3133, 444.1144, 257.2333, -100.0, 101.2211, +21.1112, +230.51399
1, 6, 40, 020.1100, 000.3010, 333.3133, 444.1144, 257.2333, -100.0, 101.2211, +21.1112, +230.51399
1, 6, 50, 020.1100, 000.3010, 333.3133, 444.1144, 257.2333, -100.0, 101.2211, +21.1112, +230.51399
1, 7, 0, 020.1100, 000.3010, 333.3133, 444.1144, 257.2333, -100.0, 101.2211, +15.1522, +120.0399
1, 7, 10, 020.1100, 000.3010, 333.3133, 444.1144, 257.2333, -100.0, 101.2211, +15.1522, +120.0399
1, 7, 20, 020.1100, 000.3010, 333.3133, 444.1144, 257.2333, -100.0, 101.2211, +15.1522, +120.0399
